INSERT INTO Sales (SalesID, CustomerID, SalesDate) VALUES ('SA016' , 'CU002', '2024-10-03')
INSERT INTO SalesDetails (SalesID, PetID) VALUES ('SA016', 'PE001')

INSERT INTO Sales (SalesID, CustomerID, SalesDate) VALUES ('SA017' , 'CU002', '2020-10-08')
INSERT INTO SalesDetails (SalesID, PetID) VALUES ('SA017', 'PE002')

INSERT INTO Sales (SalesID, CustomerID, SalesDate) VALUES ('SA018' , 'CU005', '2020-10-25')
INSERT INTO SalesDetails (SalesID, PetID) VALUES ('SA018', 'PE005')

INSERT INTO Sales (SalesID, CustomerID, SalesDate) VALUES ('SA019' , 'CU007', '2020-11-15')
INSERT INTO SalesDetails (SalesID, PetID) VALUES ('SA019', 'PE008')

INSERT INTO Sales (SalesID, CustomerID, SalesDate) VALUES ('SA020' , 'CU009', '2020-11-23')
INSERT INTO SalesDetails (SalesID, PetID) VALUES ('SA020', 'PE010')

INSERT INTO Purchase (PurchaseID, SupplierID, PurchaseDate) VALUES ('PU016', 'SU010', '2020-8-27')
INSERT INTO PurchaseDetails(PurchaseID, PetID) VALUES ('PU016', 'PE001')

INSERT INTO Purchase (PurchaseID, SupplierID, PurchaseDate) VALUES ('PU017', 'SU002', '2020-9-02')
INSERT INTO PurchaseDetails(PurchaseID, PetID) VALUES ('PU017', 'PE004')

INSERT INTO Purchase (PurchaseID, SupplierID, PurchaseDate) VALUES ('PU018', 'SU005', '2020-9-20')
INSERT INTO PurchaseDetails(PurchaseID, PetID) VALUES ('PU018', 'PE007')

INSERT INTO Purchase (PurchaseID, SupplierID, PurchaseDate) VALUES ('PU019', 'SU007', '2020-9-27')
INSERT INTO PurchaseDetails(PurchaseID, PetID) VALUES ('PU019', 'PE009')

INSERT INTO Purchase (PurchaseID, SupplierID, PurchaseDate) VALUES ('PU020', 'SU010', '2020-9-30')
INSERT INTO PurchaseDetails(PurchaseID, PetID) VALUES ('PU020', 'PE006')